conversation,true_label,predicted_label,true_label_name,predicted_label_name
"박 대리 맨날 지각 하냐?
 죄송합니다. 하지만 1분 늦었어요
 1분은 시간 아니야? 너 맨날 일부러 1분씩 늦지?
 그럴리가요 아니에요
 너 다음부터 승진 못하게 내가 절대 막을거야
 왜그러세요. 잘못 했어요
 그럼 너가 잘했어? 못했어?
 잘못했어요. 하지만 저번에 10초 늦었을때도 뭐라고 하셨잖아요
 이 새끼가? 너 다음부터 승진 없고 프로젝트도 내가 무조건 막는다
 제발 왜 그러시는거에요?
 재수 없는 놈. 니가 그니까 승진을 못하지.",3,4,직장 내 괴롭힘 대화,협박 대화
"왜 이래! 
내가 못 올 곳 왔어?
그 사람 오기 전에 빨리 꺼져
그 사람? 섭하네. 우리 아직 안 끝났어
지랄하지말고 내 인생에서 사라져
너 자신을 속이지 마.우리 잘 할 수 있잖아.
꺼지라고 제발!
내일 또 올게
미쳤어? 내 애인이랑 같이 사는집에 니가 뭔데 기어와
내가 니 애인이니까. 니가 진짜 사랑하는 사람
으아 제발 꺼져!",1,4,기타 괴롭힘 대화,협박 대화
"김사장님 별일 없으세요 ?
자네가 여긴 어쩐 일인가.
아니 말씀을 참 섭섭하게 하시네. 인사정도도 가볍게 못합니까
아니 자네가 그럴 의도로 올 사람이 아니라는 걸 알기 때문이지.
크. 김사장님은 역시 눈치가 빨라서 참 좋단말이지.
그래서 바라는게 뭔가 이번엔 
이번에 사업 확장하신다는 소리를 들었는데 그 만큼 회사가 많이 큰데에는 제 몫도 있지 않겠습니까.
자네 ? 자네가 뭘 도왔단 말인가.
와 이렇게 나오시면 섭섭하죠. 그 동안 제가 애들 관리 다 해줘서 별 탈 없이 지금 자리 유지하시는거 아닙니까.
자네가 자네 애들을 우리 회사에 풀어놓고 날 감시한 것 아닌가?
그렇게 말씀하시면 서운합니다. 사장님 그럼 우리 애들이 도움이 안됐다는 건가요 허 참
그래. 그래서 뭘 원하는가.
큰 거 두장만 주시면 됩니다. 그럼 이제 더 이상 사장님 사업에 저희 애들 개입 안시키고 얌전히 가겠습니다.
큰 거 두장? 그게 갑자기 어떻게 생기나. 지금 시기가 어려운 거 자네도 알지 않나.
아니 뭐 사업 확장은 종이 쪼가리로 한답니까? 다 있으신 거 압니다. 내일 다시 오겠습니다. 사장님. 후회할 짓 하지는 마시고요.",0,3,갈취 대화,직장 내 괴롭힘 대화
"자네도 알다시피 이번에 교육건이 좀 커서 맡으려는 기관이 많네?
네. 알고 있습니다
늘 자네가 해왔다고한건 이유가 안돼 알지?
네.노력하겠습니다
뭐 그런 노력도 좋지만 다른쪽으로도 생각해보게
네??
아니 윗분들한테 자네가 챙겨줬다고 하고 식사라도 대접하면 얼마나 좋아하시겠어?
.그말씀은?
잘 생각해보고 내일까지 가지고오게나
네.알겠습니다.",0,3,갈취 대화,직장 내 괴롭힘 대화
"지수씨는 좋겠다
왜요?
비정규직은 부담없잖아
무슨 소리세요?
아니 어차피 갈 사람이니까
저도 팀원인데요?
설렁설렁해
말 이상하게 하시네요
틀린 말은 아니잖아?
그만하세요",3,1,직장 내 괴롭힘 대화,기타 괴롭힘 대화
"이거 사이즈 업 해줘.
네 500원 추가입니다.
아니 서비스로 못 해줘?
저희 가게 방침이어서요.
참 무슨 가게가 이래?
죄송합니다. 그렇지만 추가금 주셔야 해요.
단골을 이렇게 대해도 돼?
하지만 제 권한 밖이라.
응 내가 누군지 알고 하는 말이지?
점장님 도와주세요.",1,0,기타 괴롭힘 대화,갈취 대화
"일을 왜 그딴식으로 밖에 못 해?
제가 하나부터 열 가지 못 한 게 뭐가 있죠?
그게 문제야 말을하면 들어야지
저번에는 좋다고 이렇게 가자고 했잖아요.왜 이제와서 그러세요
너는 아는 게 뭐가 있다고 말대꾸야?
저는 저 대로 노력했어요 맨날 이런식 이잖아요.
너 그냥 죽어라
무슨 말씀을 그렇게하세요?
일도 못하고 말도 못알아 들으니까 죽으라고 죽여줘?
그냥 퇴사할게요 저도 더이상은 못 하겠네요",4,3,협박 대화,직장 내 괴롭힘 대화
"야 이 새끼야 너 나 죽이려고 계획 짰지 너도 죽여줄게
재형아 엄마가 언제 그런 소리를 했어 정신 차려라 제발 
시끄러 당신이 계속 죽이겠다는 소리가 들렸어
재형아 그건 너 조현증 때문에 그런거야 진정해 제발
아 그러시겠지 조현증 걸린 아들 키우기 싫어서 제거하려고 하는 거 잖아!!!
재형아 진정하고 약 먹자 내가 미안하다.
야 약 그거 나 독살 시키려고 그런거지? 미친놈아
아니라고 제발
그럼 그렇지 아주 그냥 날 애초에 왜 태어나게 만들었냐? 나 니 죽이러 간다.
그만하라고",4,1,협박 대화,기타 괴롭힘 대화
"야 막내 먹을거 좀 사와.
난 햄버거 좀 사와라.
난 차가우면서도 뜨거운 아메리카노 알지?
왜 가까운데만 골라. 한 걸어서 몇십분 정도 갔다올 수 있잖아? 마 사원 그치?
너무하지 그건 
운동 좀 해야지 마 사원 살 언제 뺄라그래
제 건강은 제가 챙길게요.
이제 말 대꾸 하네? 감히 상사한테?
우리가 너 신경 써주는 거 몰라?
마 사원 얼른 다녀와.",3,1,직장 내 괴롭힘 대화,기타 괴롭힘 대화
"김팀장 립스틱샀어? 이번 신상이네?
네
너무 이쁘다 나도 발라보자
네?
어머 어머 나랑 톤도 잘맞네 이거 나좀 빌려주라
네?????
오늘 저녁 맞선보러 가는데 이 립스틱이 찰떡이라 수정화장할때 쓰면 좋을것같아
어제 샀는데.
아니 누가 가져간대?? 쓰고 돌려주면 될거아니야 왜이렇게 심보가 못됐어? 내가 맞선 잘안됐으면 좋겠니?? 김팀장은?
아니요.그건 아닌데.",0,3,갈취 대화,직장 내 괴롭힘 대화
"야 찐따! 매점 가서 빵 사와
알았어. 어떤 거 사다줄까?
알아서 내가 좋아하는 걸로 사와 이 찐따야
그럼 돈은.?
돈은 네 돈으로 사야지! 빌린 걸로 치자.
나도 돈 없는데.
네가 알아서 마련해서 사와야지 어쩌라고?
나 정말 돈 없어.
알아서 해. 대신에 다음 시간까지 빵 안 사오면 뒤진다.
알겠어.",1,0,기타 괴롭힘 대화,갈취 대화
"마트 가는데 뭐 필요한 거 있어?
우유랑 빵 좀 사다 줄래?
알겠어. 다른 건?
계란도 떨어져 가. 고마워!",2,1,일반 대화,기타 괴롭힘 대화
"저기요 아저씨.
 누구? 나 말하는 건가?
 네 아저씨 말하는 거예요.
 나 아저씨 아닌데. 왜?
 편의점에서 담배 좀 사다주세요. 돈 줄게요.
 학생 아니야? 담배 피면 안되지.
 학생이든 아니든 무슨 상관인데요. 돈 준다니까요.
 안돼 미성년자는 담배 피면 안돼.
 아 나 좋은 말로 하려했는데 꼭 칼로 협박해야겠어?
 칼이라니. 그거 내려놔!!",4,0,협박 대화,갈취 대화
"뭘 쳐다봐? 기분 나쁘네
왜 그러시는데요.
야 허리 좀 똑바로 펴고! 자세가 그게 뭐야. 눈 깔고 내가 묻는 말에 대답해.
저 학원 가야되는데.
야 내가 지금 너때문에 기분이 나쁘잖아. 어른이 말하는데 태도가 그게 뭐야?
죄송합니다. 빨리 비켜주세요.
사과하면 다야? 이거 아주 웃긴애네. 너 지갑 줘봐. 
지갑 안가지고 다녀요.제가 뭘 잘못했는데요.
애가 거짓말도 잘 못하네. 가만히 있는 사람 기분상하게 했으면 지갑이나 내놓으라고 이년아
죄송해요.",0,1,갈취 대화,기타 괴롭힘 대화
"내가 싯팔 영화 스포하지 말랬지
.
오징어게임 아직 보지도 않았는데 비밀을 알아버렸어 싯팔롬아.
본 줄 알았지 
웃어?
아 장난이지
이 식칼도 장난으로 보임?
아 다음부터는 안한다고 
다음은 없다. 슉.슈슛.슉.슈슉.슉.시팔롬아.
.",4,1,협박 대화,기타 괴롭힘 대화
"이거 미안하게 됐어요.
선생님. 저 더 이상 가망이 없는 건가요.?
숨 쉬고 살아 계시는 데에는 무리는 없습니다.
감사합니다.정말 감사합니다.
평생 사지가 마비된 채로 살아가셔야 합니다.
괜찮습니다.그래도 이렇게 살아갈 수 있게 된 것만으로도 기적이라고 생각합니다.감사합니다.
환자님 가족들 생각하셔야죠. 평생 여기 누워서 가족들 고생시키려구요? 
그렇지만. 선생님께서도 앞이 안 보이는 아이.계속 사랑하시고. 계시잖아요.
그러니까요. 제 아이를 위해서 전 법도 무시할 수있고 두려울 게 없습니다.
네? 선생님 혹시.!? 
아프지 않게 금방 끝내드리겠습니다.죄송합니다.",4,3,협박 대화,직장 내 괴롭힘 대화
"찐따야 너 오늘도 학교 왔어?
응. 학교는 꼭 가라고 부모님께서 말씀하셨어
찐따 부모님 말씀은 잘 듣네? 
으응.
그럼 깔끔하게 좀 씻고 와라 어디서 냄새 난다
미안해 더 깨끗하게 씻을게
그리고 지갑에 돈 좀 넣고 다니고
응 내일은 현금 꼭 챙길게
이거 내 숙제 좀 대신 해 줘라 문제 틀리면 어떻게 되는지 알지?
알겠어. 열심히 할게",1,0,기타 괴롭힘 대화,갈취 대화
"아야 너 머하냐?
숙제 중.
숙제 하지말고 내 심부름이나 해
싫어 나 숙제 할꺼야
숙제가 중요하냐?
응.왜?
참나.어디 한번 해볼까?
왜그래?
왜그려냐구?니가 내 심부름 무시해서 글타 왜?
아 알았어 갔다올게",4,1,협박 대화,기타 괴롭힘 대화
"상진아 형이 이번에 부업 하나 하려고 하는데 좀 도와줄래?
어떤일인데요? 형?
이제 겨울이고 해서 붕어빵 장사 좀 해보려고 하거든
아 괜찮죠 형 같이 장사하자고요?
아니 형이 자금은 대줄테니까 네가 좀 해라
알바라고 생각하면 되나요?
그래 그렇게 생각하고 잘 운영해봐
형 근데 제 월급이나 시급 이런 건 어떻게 되요?
하루 매출의 10퍼센트씩 일급으로 줄게
10퍼센트요? 그건 좀 너무한 거 아니에요?
뭐가 너무해 넌 땡전 한 푼 보태지도 않고 하는건데
차라리 그럼 저도 다른데 가서 정상적으로 알바하죠
뭐?이게 비정상이라는거냐? 형이 하라면 해
노동착취도 아니고 그건 좀 아닌 것 같아요 형 못하겠어요
장난하냐? 너 학교 다닐 때 형이 얼마나 많이 챙겨줬냐
아니 그 얘길 왜꺼내요?
그니까 그냥 하라고
못해요 형
완전 배은망덕한 새끼네 닥치고 해라
저도 돈 벌어야죠
벌게 해준다잖아
아 그 조건에는 절대 못해요
그래? 그럼 너 이동네에서 절대 못 돌아다니게 해줄게
아니 형 왜그래요? 어린애도 아니고
꺼져라 두고봐라 너",1,0,기타 괴롭힘 대화,갈취 대화
"저기요 음식에서 머리카락이 나왔잖아요 환불해주세요
손님 보시는거와 같이 저희 업소는 다 머리에 위생모를 써서 머리카락이 떨어질 일이 업서요 더군다나 염색한분도 없고요
그래서 뭐 제가 넣었다 이말인가요?
아니요 그 말이 아니라 머리카락이 들어갈 경우가 하나도 없다고 알려드리는 겁니다
그래서 뭐가 어떻다고 나 망신줘? 죽고싶어?
영업방해죄로 신고하기전에 나가주세요 경찰부릅니다
한마디만 더 해봐 시발 이 나이프로 니 찔러 버린다
먼저 영업방해 하셨잖아요 저희 업소는 머리카락 들어갈 일이 없다니까요?
그건 니 사정이고 오늘 기분도 안 좋은데 잘 걸렸네 이리와 죽여줄게
왜 그러십니까? 손님들도 있는데 난동 부리지 마세요 진정하시라고요 환불해드릴게요
환불 개나주고 무서워 하던 말던 니들도 움직이면 얘 바로 죽여버린다. 무릎꿇고 싹싹빌어",4,1,협박 대화,기타 괴롭힘 대화
"야 이것들아 나 폭탄 가지고 있다 다들 움직이면 터트린다.
죄 죄송해요
시끄럽고 이 버튼 보이지 내가 여기 손을 갔다 대는 꼴보기 싫으면 돈을 던져
죄송해요 여기
그래 그래야지
당신 이러고도 무사할줄 알아?
뭐 이 자식아 넌 돈을 열배로 내놔
싫다면?
열배에서 안 끝날거야.
아 알겠어요 그만
말들 잘듣네",0,4,갈취 대화,협박 대화
"아! 아줌마 운전을 이렇게 하면 어떻게 해요?
 네? 무슨 일이시죠?
 아줌마가 주차하면서 내 오토바이를 쳤잖아요.
 무슨 소리에요? 이렇게 주차 선 안에 차가 잘 들어가 있는데.
 여기 보세요. 제 오토바이가 이렇게 쓰러져 있잖아요. 아줌마 차가 내 오토바이를 쳤다니까!
 말도 안되는 소리를 이렇게!
 경찰을 불러도 되지만 여기가 또 호텔 주차장이잖아.아줌마를 위해서 내가 싸게 처리할게요. 한 50? 어때요?
 말도 안 되는 소리 하지 마세요.
 그럼 경찰도 부르고 보험회사도 부르고 아줌마 남편도 부를까? 다음주부터 사이좋게 남편하고 운전연수 하면 되겠네.
 이거 완전 사기꾼이네.",0,4,갈취 대화,협박 대화
"야야야 수진이 바람피다 걸렸데.
야 그게 무슨소리야 내가 바람을 왜 펴?
소문 다 났던데? 너 이미 걸레라고?
누가 그래? 내가 바람핀게 아닌데?
어쩌라고 걸레야 너 이제 우리학교 대표걸레됫어 
진짜 너네는 사실도 모르고 소문만 믿는거야?
그러게 처신을 잘하지 그랬어",1,4,기타 괴롭힘 대화,협박 대화
"여보 저 어머니 수발 들기가 힘들어서 그러는데 어머니 요양병원으로 보내면 안될까요?
뭐라고? 이 불효막심한 여편네를 봤네
네 미안해요 하지만 저도 누워만 계시는 어머니 똥오줌 다 받고 벌써 4년이나지났어요
그래서 뭐? 생색이라도 내는거야?
그게 아니라 이제 우리아이들도 손이 많이 갈 시기인데 챙겨야죠.
누가 챙기지 말라해? 어?? 애들도 보고 어머니도 보고 하면 되잖아
그게 아니라 제가 너무 힘들어서 그래요
아 니가 힘드니까 불쌍한 우리엄마 범죄자같이 병원에 집어 넣자고?
그건 뜻은 아니였어요. 그냥 우리모두를 위해서
우리모두가 아니라 너를 위해서겠지 한번만더 그런소리하면 그때는 아내고 뭐고 칵시 정신 차릴때까지 맞을 준비해",4,1,협박 대화,기타 괴롭힘 대화
"손이 아무리 그 모양이라도 그렇지 타자도 너무 늦고 일이 너무 쳐지는거 아닙니까? 낮에 회사에서 씨 때문에 협력업체에서 왜 메일 빨리 안보내주냐고 나한테 난리쳤다고요
 아 저딴에는 빨리 친다고 해도 이게 손이. 말을 안들어서. 죄송합니다.
 아니 답장도 이렇게 늦을 일이냐고. 그냥 장애인들만 모아놓은 회사로 이직하는게 어때요?
 저는 정당하게 입사한거예요.
 아 누가 그거 몰라서 그래요? 그거 그냥 다 허울만 좋은거고 회사에서 국가 지원금 받으려고 고용하는거 몰라요?
 압니다. 그래서 저도 노력 많이 합니다.
 노력만 백날 하면 뭐합니까? 같이 일하는 사람 힘들게 하면 그게 얼마나 민폐인 줄 아세요? 내가 매번 말을 안해서 그렇지 허구한날 씨 뒤치다꺼리 하고 있다고요 내가 당신 뒤치다꺼리하는 사람인줄 알아요? 손 올찮은게 무슨 자랑이라고.
 제가 언제 이게 자랑이라고 했습니까 아. 죄송합니다. 제가 더 분발하겠습니다.
 분발이고 뭐고. 위에다 말할겁니다. 하루이틀도 아니고 내가 힘들어서 안되겠다고요 손 잘려나갈때 양심도 같이 잘려나가버리고 없나 진짜
 정말 말씀이 너무 지나치시네요. 네 그냥 제가 나가겠습니다.",1,3,기타 괴롭힘 대화,직장 내 괴롭힘 대화
"아침에 전화를 받지 말든지 받았으면 제대로 해결을 하든지
죄송합니다
전달하기 힘들면 니 개인 수천에 메모해놓지말고 여기 중앙에다가 써놓든지 전달을 제대로 하든지 손님보고 다 가능하다고 했다며
죄송합니다
욕은 내가 다 듣고 뭐하는 짓이야
죄송합니다 시정하겠습니다
앞으론 아침에 전화를 받지 말든지 받았으면 혼자 독단적으로 말하지말고 나한테 물어보고 해결보고 손님한테 전화해",3,1,직장 내 괴롭힘 대화,기타 괴롭힘 대화
"야 너 고객한테 누가 그렇게 대들래 카페 이미지 나빠지면 책임 질거야?
아니 저분이 저한테 음담패설을 하는데 어떻게 가만히 있어요
너 나한테 까지 대들어?
사장님이 그렇게 당하시면 가만히 있을까요?
난 그런일 안당해 봤지만 그냥 무시할것 같은데
뭐라고요 자기 가게인데다 일도 알바한테 다 시키면서 운영하면서
이 새끼가 너 여기 나가고 싶어?
제가 틀린말 했나요? 그리고 어떻게 위로 한마디도 안해줄수 있나요?
너 바보냐 여기가 교육받는 곳이야? 너 그냥 나가
정말 너무하시네요
너 같은 직원 필요없어",3,1,직장 내 괴롭힘 대화,기타 괴롭힘 대화
"어이 코털
왜
왜? 아놔됐고 너 매점가서 곰보빵 두개에 콜라하나 사와라
나 돈없어
돈없어? 그럼 내가 돈줄께
어
여기 1000원 줄테니까 빵두개 콜라하나 사고 거스름돈 거슬러와라
야 택도없어
야 뒤질래? 쌔벼서라도 갖고와 색키야
야",1,0,기타 괴롭힘 대화,갈취 대화
"야 너 그거 들었냐?
뭐?
아니 걔 있잖아. 이번 프로젝트 망쳐서 엄청 깨졌다잖아.
난 또 뭐라고. 걔 원래 일 못하기로 유명하잖아.
안녕? 다들 여기 있었네?
어이 모지리 아니야?
뭐? 지금 뭐하는거야?
너 말이야 너. 이번에도 실패해서 깨졌다며?
부장님도 참 불쌍하다. 어쩌다 너 같은게 들어와서는.
너네 진짜 너무들 한다.",3,1,직장 내 괴롭힘 대화,기타 괴롭힘 대화
"씨 아무래도 편의점 알바를 그만둬야 겠어요.
 네?. 사장님 제가 무슨 잘못이라도 했을까요?
 아니 좀 친절해야지 맨날 무뚝뚝한 표정에 화장도 안하고 나오고.
 하지만 전 지각한 적도 없고 재고 청소도 깔끔히 하고 계산도 잘 했는데 단순히 그 이유만으로 그만둬야 되나요.?
 아니 손님들한테 그런 불편사항이 들어왔어 알바가 너무 무뚝뚝하다고 좀 웃고 화장도 하고 친절해야지
 아. 네.
 오늘까지만 하고 내일부터 안나와도 돼
 아니 사장님 이렇게 급하게 자르신다구요? 저도 다른 알바 알아볼 때까지 기한을 주셔야죠.
 손님 불편사항으로 당장 처리해야 하는데 그럼 어떡해? 난 모르겠고 내일부터 나오지 마세요 이러기 전에 잘 좀 하던가
 . 네 알겠습니다.",1,3,기타 괴롭힘 대화,직장 내 괴롭힘 대화
"어서오세요
안녕하세요
뭐 필요하세요 손님?
.
손님.
나 오늘 잃을 거 없거든. 생각 잘 해
네?.
신고가 무섭고 씨씨티비가 무서웠으면 여기 안 왔어. 살고싶으면 조용히 돈 꺼내서 봉지에 넣어. 
여기요.살려주세요.
유감이야 알바생. 고마워. 생각 잘 해서 살았어.",0,1,갈취 대화,기타 괴롭힘 대화
"비대리 어제 피곤했나봐?
 아 아닙니다!
 아니긴 낯빛이 어두운데?
 흠 그런가요 .?
 아 ! 비대리 혹시 오늘 화장 안 해서 그런가?
 아. 넵.
 비대리도 생얼이랑 많이 다르네
 부장님. 말이 너무 심하신거 아닌가요.?
 말이 심하긴 눈에 보이는 걸 얘기한건데? 난 비대리가 걱정돼서 그러지
 아 . 넵 알겠습니다.",1,3,기타 괴롭힘 대화,직장 내 괴롭힘 대화
"너 내돈 대체 언제갚냐?
미안한데 시간을 좀 줘
너 오늘까지는 준다며
나도 더이상은 못참아
그럼 어떻하라고 지금은 없는데
너희 엄마한테 말해서 받아야겠어
그건 안되 며칠후에 준다니까
니말을 어떻게 믿냐
너같은 놈은 정신좀 차려야돼
경찰서에가자 신고할테니
싫다고 난 안가 배째라",4,1,협박 대화,기타 괴롭힘 대화
"사장님 안녕하세요 출근하셨습니까 생신축하합니다!! 제가 편지도 써왔습니다!
오 편지? 야 감동이다. 한 번 읽어볼게. 음.야 근데 너 글씨체가 왜 이러냐.
아 제가 어릴때부터 글씨가 지렁이 같다는 말은 많이 들었습니다.
정성이 안 들어간거 아니야? 우리 5살 딸이 글씨써도 너보다는 잘 쓸거 같아.
에이 부장님 왜이러세요 그냥 마음만 봐주세요 글의 내용! 제가 거의 3일을 고민하면서 쓴 편지라구요
글의 내용이 눈에 안들어와. 글씨가 너무 이상해서. 야 이정도면 너네 어머니 애 낳고 미역국 안 먹은거 아니야? 너가 그래서 모질라진거지 
사장님. 사장님 생신이라고 제가 선물이랑 편지 하나하나 다 준비한건데 너무하세요.
야 왜 아니 딱 글씨체만 봐도 알 수 있는 게 약간 글씨가 불안정한 게 니네 집안도 완전 불안정했던거 아니냐?
아닙니다. 자꾸 그렇게 얘기 하실거면 돌려주세요. 저도 이런 말 듣고 드리고 싶은 생각 없어요.
야 그래 가져가 가져가 너네 부모도 이렇게 졸렬하지?? 쫄장부 밑에서 나온 애가 뭐 이렇지. 너 글씨체만 봐도 사회생활 되게 못 할거 같은 글씨체야 알아?",3,1,직장 내 괴롭힘 대화,기타 괴롭힘 대화
"아! 사장님! 음식에서 이물질이 니왔어요?
네? 그럴리가 없는데
아니 사과는 못할 망정 뭐라구요?
일단 죄송합니다. 그런데 조리 과정에서 이물질이 발생할 일이 없어서요.
이게 지금 사과하는 태도입니까?
다시 한 번 사과드립니다. 음식은 다시 해드리겠습니다.
지금 나 보고 여기서 계속 음식을 먹으라는 거예요? 그냥 환불해주고 정신적 보상까지 해주셔야겠어요.
죄송하지만 그건 좀.
뭐 이런데가 다 있어? 리뷰에 내가 지금 일 다 올리고! 구청에도 신고할거야! 장사 못하게 될 줄 알아!
죄송합니다.제발 그것만은.",0,3,갈취 대화,직장 내 괴롭힘 대화
"야 너 뭐야?
 저요? 저 아세요?
 온라인으로 병신같은 짓 하고 돌아다니면 다야?
 제가 뭐했죠?
 이새끼가? 팀킬 고의로 해놓고 먹튀한다고?
 죄송해요. 몰랐어요.
 이 새끼 인성이 글러먹었네. 인생 그렇게 사니까 쉽지?
 가만히 냅둬 그냥.
 안닥쳐? 호구새끼가 말대꾸까지하네?
 죄송해요.",1,3,기타 괴롭힘 대화,직장 내 괴롭힘 대화
"돈 가져다 이 가방에 담아
네네
허튼 짓 하면 너도 죽고 나도 죽을 줄 알아.
네 여기 있습니다
저 뒤에 금고 열어
금고 열쇠가 저에게 없습니다
받아서 빨리 열어!
아 네네 부장님 열쇠 좀.
빨리빨리 열어서 가져다 담고 너도 엎드려
네네 여기 있습니다 살려 주세요",4,0,협박 대화,갈취 대화
"머해? 나 그것 좀 주라
응? 안돼. 이거 생인선물로 받은거야.
야 어차피 몰라 먹으면 없어지는거 같이 먹자고
안돼. 생일선물이잖아.
좋은 말로 할 때 같이 먹자 어려운 것도 아닌데
이거 동생이랑 먹을거였단 말이야.
머래 친구가 더 좋은거 아님? 잘 먹을게
안돼",4,0,협박 대화,갈취 대화
"치마 너무 짧은 거 아니야?
무릎 길인데요.
아니 앉으면 무릎이 훤히 다 보이잖아. 눈썹도 너무 진하고.
눈썹은 원래 이런 거에요.
원래 눈썹이라고?
네.
그럼 뽑든지 자르든지 해서 좀 정상적으로 맞춰봐. 직장에서 혼자만 너무 튀잖아.
제 눈썹이 비정상인 거에요?
그럼 비정상이지. 다른 직원들도 네 눈썹 다 과하다고 수근거려
업무랑 관련도 없는 건데 너무들 하시네요.",3,1,직장 내 괴롭힘 대화,기타 괴롭힘 대화
"승인해주십시오. 
진행하던 사건 손 떼고 세미나 준비나 잘 해.
그럴 순 없는데요.
야 누가 지금 너랑 흥정하자든?
죄송합니다.
하라면 해.
그 분 막아야 합니다. 
너 진짜. 말 안들을래? 완전 찍히게 해줘?
.잘라내야할 게 무엇인지 다시 검토해주십시오.
꼴도 보기 싫으니까 나가.",3,1,직장 내 괴롭힘 대화,기타 괴롭힘 대화
"너 뭐하냐? 미쳤냐? 정신 똑바로 안차려?
 죄송합니다.
 대가리에 쳐 들고있는게 없으니까 그러는거 아니야? 정상적인 사고가 안돼? 너 문제있어?
 아닙니다. 죄송합니다.
 내가 저번에 또 이지랄나면 너 죽여버린뎄지? 진짜 죽여줘?
 죄송합니다.
 또 이런거보면 귓구멍이 쳐 막혀있나보지? 내가 전동드릴 가져와서 쑤셔박아줘?
 아닙니다.
 애새끼가 애미애비한테 어떻게 쳐 배웠길래 이래? 부모 뒤졌어?
 아닙니다.
 안뒤졌어? 처신 잘해. 또 이지랄하면 내가 죽여버릴거니까.
 알겠습니다. 다음부턴 안그러겠습니다. 죄송합니다.",4,3,협박 대화,직장 내 괴롭힘 대화
"야 너 돈 가져왔냐?
아니요.오늘은 못 구했습니다.
내가 오늘 돈 필요하다 했잖아
그게 . 용돈을 못 받아서 .
그럼 알아서 구해왔어야지
죄송합니다 .
죄송하면 뭐? 학교생활 힘들고 싶니?
죄송합니다 .내일은 꼭 가져오겠습니다 .
내일도 안가져오면 얼굴도 못 들고 다닐줄 알아
네.알겠습니다 .죄송합니다",0,3,갈취 대화,직장 내 괴롭힘 대화
"야 너 일로 와봐
응 왜?
너 내가 만만해?
아니 왜 무슨일인데?
너 내 뒷담까고 다녔냐?
무슨 소리야 누가그래
누가 그러냐니 진짜냐 
아니 뭔 말도 안되는 소리야
기분 개나빠 좀 쳐 맞자
왜 그래 일단 미안해
너 좀 쳐맞고 정신차리자 아님 너 여동생이나 
아 왜그래 내가 맞을게 미안",4,1,협박 대화,기타 괴롭힘 대화
"어이 박이병이
이병 박.이.병
너는 새꺄 그냥 생긴게 마음에 안 들어 알아?
이병 박.이.병 알아보겠습니다.
알아봤더니?
이병 박.이.병 마음에 안 들게 생긴 것 같습니다.
그걸 아는데 그래 새끼야? 위치로!
위치로!
넌 오늘 마음 들게 생겨질 때 까지 형한테 맞는거다 알겠지?
알겠습니다!!",1,4,기타 괴롭힘 대화,협박 대화
"배가 고프네. 야 너 밥좀 사와
저 공부중인데 .
씨벌늠이 내가 배가 고프다고 귀구녕에 반창고 부치고 다니냐?
독서실에서 이러면 .
쓰벌 뒈지고싶냐? 니가 내가 누군줄 모르지?
.네에
네에?? 하 요고봐라. 알게해조? 모가지 따보까? 지금
아니.그게.
일루와.셰키야. 밥이랑 모가지랑 바꾸게. 빙신
사오겠습니다.",0,1,갈취 대화,기타 괴롭힘 대화
"아빠 나 노트북 사줘
아빠가 이번달엔 좀 힘든데 모아서 3달 뒤에 사주면 안될까?
아 다른 친구들은 다있는데 나만 없단말이야
아이고 우리딸 속상했겠다
말로만 속상하다고 하지말고 사주라고 진짜
미안하다
아니 우리집은 왜이렇게 집구석이 가난해? 왜 이런집에서 나 태어나게 한거야?
딸. 미안해
미안하다고 하지말고 가서 뭐라도 해서 노트북 가져오라고! 사오든가 훔치든가! 안그러면 나 지금 여기서 뛰어내릴거야
딸딸. 왜그래 진정해 아빠가 친구한테라도 돈 빌려볼게",0,1,갈취 대화,기타 괴롭힘 대화
"어허 황금에서 손을 떼시지?
이 녀석 총으로 나를 겨냥하다니
흐흐흐 아쉽지만 우린 여기서 헤어져야겠어
감히 나를 배신하다니!
금을 모조리 넘겨

이봐! 이러고도 무사할 것 같아?
개처럼 네 밑에서 고생한 대가로 이 정도 챙길 수 있잖아?
이런 배은망덕한.!
나라면 그 주둥이를 좀 더 조심해서 놀릴 거야 어서 금을 이리 내!
크윽!",0,4,갈취 대화,협박 대화
"아 너무달아
 네?
너무 달잖아 커피가
아 단거 찾으셔서
아니 그래도 그렇지 혀를 녹일일있어?
아까는 피곤하시다고 최대한 단걸로 해주라고 하셔서
요새 젊은이들은 융통성이 없기로는 일등이라니까! 
.다시 만들어드릴까요?
그럼 이거를 먹으란말이야? 이 설탕덩어리를?
죄송합니다",1,3,기타 괴롭힘 대화,직장 내 괴롭힘 대화
"야
네?
던힐 하나
던힐 뭐 말씀이세요?
아니 주라면 알아서 아무거나 주지
1미리로 드릴까요?
아니 1미리는 너무 약하잖아!!
 아무거나 주시라고하셔서
에이 그래도 돈주고 그렇게 약하거 먹겠나?
그럼뭐로드릴까요?
그거빼고 아무거나줘
.",1,0,기타 괴롭힘 대화,갈취 대화
"아니 아이가 헛걸음하게 만들면 어떡해요!! 제가 종이에 분명 적은대로 주셨으면 되는데!!
아이가 종이를 보여주지않았어요.
씨씨티비 돌려봐요!!그러면!!
아니요 어머님. 소리지르지마시고 제가 잘못했습니다. 그러면 제가 아이 오게하지마시고 직접 차 타고 가져다드릴게요. 주소가 어떻게 되세요.
저 지금 백화점에 있으니까 거기로오세요.
네. 그러면 제가 30분내로 갈테니까 조금만 기다리세요.
아휴 이런식으로 일하는 사람이 어디있어.
어머님 죄송합니다",1,4,기타 괴롭힘 대화,협박 대화
"야 우리 내일 현장학습인 거 알지?
응? 알지.
그럼 니가 내 대신 내도시락도 좀 싸와라
내가? 왜?
엄마한테 말씀드렸더니 내일 바쁘시다고하셔서 사먹으라는데 돈 아깝잖아?
근데 왜 내가 니도시락을.
씨 너 내일 도시락 안싸오냐?
싸오지.
근데 거기에 내 꺼 더 싸오는게 그렇게 힘들어? 내일 싸와라. 안 싸오면 어떻게 되나보자.아 참 수진이 것도
어? 아니 그게.내가 왜 너희 껄.",1,0,기타 괴롭힘 대화,갈취 대화
"파일 잘 숨겼지?
 예 그럼요. 경찰들 찾기 어려울겁니다 
 그래. 어디에 숨겼어?
 하하 그걸 말하면 안되죠. 위에서 저만 알고 있으라는 지시가 있었는데요 
 씁 이사람아 내가 알아야 비상시에 협조를 할거 아닌가.
 이상하십니다? 윗선에서 내려온 지신데 따르시지 않고. 혹시 캥기는거 있으십니까?
 난 말이야 알아도 모른척 모르면 더 모른척 하는 사람 좋아해. 승진에 관심이 없나봐?
 예?
 이번 승진 내 입김 센 거 알지? 특히 내 평가로 승진여부 갈릴 수 있다는거 아나?
 아. 그럼 제가 알려드린 거 아닙니다. 전 모르는 일이에요.
 그래 알겠어 이번에 승진 기대해!",0,4,갈취 대화,협박 대화
"혹시 민지님 맞나요? 아니 다른게 아니고 우리 회사 워크숍 있잖아 아직 도착전이야?
지금 다 도착해있는데 무슨소리야 단체 메시지 못 봤어? 장소 변경 됐잖아.
아 진짜? 잠시만 확인해볼게 음. 나는 그런 메시지 받은 적 없는데. 확인 좀 해줄래?
저기 과장님 씨가 바뀐 워크숍 장소 못 들었다는데 무슨 소릴까요?
아 깜박하고 못 보내줬나 보네 알아서 차타고 오던 해 근데 늦지 않게 와 늦으면 나중에 인사평가 문제 되는 거 알지?
여기서 가는데 최소 2시간 이상은 걸려서 늦을거 같은데요. 문자가 안 와서 여기로 온건데 방법이 없을까요?
네가 착각해놓고 무슨 소리야 정확히 알고 갔어야지 안 그러냐 야?
그러게요 저러니 눈치없다는 소리만 듣고 다니지 야 눈치껏 움직여라 눈치껏 너 늦게오면 또 몇 명이 기다려야 하냐?
내가 어제 너한테 물어 봤잖아. 여기 맞냐고 근데 너가 맞다고 했잖아
내가 언제? 말 지어내니? 이제 할 말없어서 사람 사기꾼 만드네 진짜 얘 인성 대박이죠 제가 이런 애 믿으면 안된다고 그랬잖아요
야 그러네 알려줘서 고맙다 우리팀에 이상한 놈 굴러 들어온거 초반에 알고 어쨋든 늦지말고 와라 늦으면 어떻게 될지 각오해",3,1,직장 내 괴롭힘 대화,기타 괴롭힘 대화
"너 지금 나 째려봤냐?
아니요.
아니긴 뭐가 아니야 나 기분나쁘게 째려봤잖아
아닙니다. 뒤에 간판 봤어여
어휴 생긴것도 눈 쫙 째져서 재수없게 생긴게
아니에요.정말
눈깔 뽑히고 싶어?? 기분 나쁘게 시리
죄송합니다.
앞으로도 눈 그렇게 내리깔고 다니란말야 뽑히기 싫으면
죄송합니다.
그래 재수없이 째진 눈 안보이니까 얼마나 좋냐
.",4,1,협박 대화,기타 괴롭힘 대화
"헐 오대리 옷 입은 거 봤어? 완전 구려.
 아무도 안 말리나봐. 그러니까 직장 와서도 왕따 당하시지
 와 저런 패션은 인터넷 유머글로만 있는 줄 알았는데.
 오대리 옷 입는 거 좀 신경 써줄래요? 업무 효율이 안 나요. 오대리 때문에.
 앗 제 옷이 그렇게 이상한가요? 네 신경 쓰겠습니다.
 그럼 모르셨어요? 집에 거울이 없으세요?
 화장실을 안 가시나봐요. 거울도 못 보게.
 말이 좀 심하시네요들.
 아 죄송해요. 제가 말이 너무 심했네요. 실수
 우린 조언을 해준건데. 알겠어요",3,1,직장 내 괴롭힘 대화,기타 괴롭힘 대화
"너 오늘 남아라
오늘은 안됩니다.
가긴 어딜가 남으라고
이유라도 말 해주세요
너 내 뒷담까고 다니냐
무슨 말씀이세요
내가 들은 건 뭐고
뭔데요
알면서 
이런식으로 몰아가지 마세요.
몰아가긴 재밌잖아
저에대해서 말한건 상사잖아요",3,1,직장 내 괴롭힘 대화,기타 괴롭힘 대화
"하연아
응??
나 이것좀 대신 해주면 안돼?
어?? 이거 팀장님이 너보고 정리하란거 아냐?
응 맞는데 동기 좋다는게 뭐야
하지만.
어차피 내가 다해서 이제 오탈자 정리좀 하고 검토하고 출력해서 제본만 20권 만들면 되는데?
그래도 이건 니 일이잖아
응 근데 내가 지금 사정이 있어서 오늘 칼퇴해얄거 같은데?
하지만.
애 너 밥맛이라고 동기들이 사이에서도 겉도는게 내가 어울리게 해줬는데 이거하나 못해주니?? 동기 좋다는게 뭐야 서로서로 돕고 사는거아냐?
.아.알앗어",3,0,직장 내 괴롭힘 대화,갈취 대화
"여보 식사하세요
어 지금 가.
여보 오늘도 고생 많았어요.
왜이래? 밥이나 먹어.
당신 근데 견과류 알러지 있다고 했죠?
어. 먹으면 목이 부어서 숨이 안쉬어져. 그래서 어릴 때 이 후로 한 번도 먹어본 적없어. 왜?
아니에요. 나도 당신 만나고 견과류 먹어본 기억이 없어서.
내가 안먹으니 너도 안먹어야지. 말이라고 해?
알죠. 그래서 지금까지 안먹었잖아요 근데 여보 오늘 샐러드 드레싱 어때요 ? 땅콩 좀 갈아 넣어봤는데
.윽.뭐야? 당신.일.일부러. 윽 . 살려줘.약.약!!.켁.
여보 그 동안 고마웠어요 그러게 내가 원하는 대로 해줬으면 좋았잖아.잘가요 여보",4,1,협박 대화,기타 괴롭힘 대화
"안녕하세요 병원장님
어 그래 약국은 잘 돼지?
네 덕분에요
응 그래그래 근데 다음주부터 여기 약국에 다른 사람이 들어오기러 했는데 어떡하지?
네????
아니 나친한 친구 딸도 약사인데 목 좋은데서 하고 싶다고 사정사정하기길래
아니그래도 그렇죠. 당장 다음주부터 나가라고 하시면 어떡합니까
그치? 그래서 너무 인정머리 없는 것 같아서 내가 내려왔잖아
네???
그 친구가 약국 인수하게 해주면 돈 좀 챙겨준다는데 나는 김약사 그동안의 정을 생각해서 먼저 알려주라고 내려왔지친구가 준다는거 딱 반만 받겠네",0,3,갈취 대화,직장 내 괴롭힘 대화
"야 너가 게임 팀킬장인 맞냐?
응 맞는데 뭐. 왜 불렀는데 키도 조그마해서 초등학생도 못 이길 덩치구만. 형이 햄버거 사줄테니까 기분풀고 집에 가렴.
야 클랜전이었는데 너 때문에 망한거잖아. 니 덕분에 우리 클랜 랭킹도 내려갔더라? 기분 좋냐?
야 설마 그거 때문에 그러냐? 애가 게임이랑 현실이랑 구분 못 하네. 그니까 너가 방구석 히키코모리처럼 사는거 아니냐?
그래 말 할 수 있을 때 계속 애기해봐. 말 할 수 있을 때까지
내가 너 누군지 모르지만 제발 게임이랑 현실이랑 구분 좀 해라 그러다 사람 죽이게 생겼다? 왜 랭킹 떨어졌다고 사람 죽이게?
잘아네. 내가 현질해서 거기까지 올려놨구만 너가 다 망쳤는데 책임져야지. 니가 실컷 떠든것처럼 난 게임이랑 현실 구분 못 하니까 게임처럼 죽여볼게. 진짜 바로죽나
야 왜이래. 게임 일 뿐인데 다음부터 안 그럴게. 랭킹 높여놔 줄게.
애초에 너가 그렇게 말했으면 바로 넘어갔을텐데. 왜 사람 자존감도 깍아내려가지고. 그 게임에서는 이 총 한번 헤드샷 날리면 바로 쓰러지러더라? 덕분에 실제로 그런지 테스트 해볼 수 있게 됐네 야 고맙다 고마워.
왜 이래. 총은 또 어디서 난거야.그거 빨리 내려놔. 너 그러다가 범죄자 된다니까?",4,1,협박 대화,기타 괴롭힘 대화
"어이.
정성을 다해 모시겠습니다. 사랑합니다 고객님. 무엇을 도와드릴까요?
아니. 시발 니네 회사에서 산 물건이 이게 말이 돼? 사자마자 부숴지잖아.
아. 그러셨군요 고객님. 그러면 어떻게 도와드리면 될까요? 환불을 원하시나요?
지금 장난해? 방법은 니가 찾아와야지 왜 나한테 물어봐? 너 돈 받고 일하는거 아니야? 윗 사람 불러와. 짤리고싶지 아주?
죄송합니다 고객님. 그럼 제가 환불 절차 도와드리겠습니다. 구매하신 카드 번호 알려주시겠습니까?
환불이 문제가 아니라 내가 받은 정신적 피해까지 보상해줘야겠는데? 너네 때문에 내가 얼마나 피해를 봤는지 알아?
죄송합니다 고객님.",0,1,갈취 대화,기타 괴롭힘 대화
"야 인터넷에 이 사진 이거 너 아니냐?
 무슨 소리야 잘못 본거아냐?
 잘 봐 여기 이거 점 위치에 빼박 너구만 몰래 이러니까 재밌냐? 이 새끼 이거 변태아냐?
 왜 자꾸 우기는 지 모르는겠는데 그거 나 아냐
 그으래? 그럼 이게 니가 맞는지 아닌지 다른 애들한테도 물러보지 뭐. 그렇게 당당하면 단톡에 올려도 되는거지?
 뭐? 그걸 왜 단톡에 올려?
 니가 아니면 당당한거 아냐. 왜 그렇게 놀라지?
 내가 아니어도 불법촬영물을 올리는 건 옳지않아.
 이 새끼 이거 괜히 헛소리하네. 올리는게 싫음 돈이라도 한푼 주고 올리지 마란 소리 하던가.
 . 얼마 주면 되는데?
 그래 처음부터 그렇게 나왔어야지",0,1,갈취 대화,기타 괴롭힘 대화
"좀 조용히 해주세요 여기가 놀이터입니까
애들이 휴일이라 좀 그런걸 가지고 그러세요
밖에서 놀면되는데 왜 집에서 그래요 밑에는 지진나요
코로나때문에 나가기 그래서 그러니 이웃끼리 이해좀
지금하루이틀입니까 새벽에도 뛰는데 누가이해해요
우리애들이 잠이 별로 없어서 그래요 밖에서 에너지를 빼야하는데 못 그러니 집에서 에너지뺀다고
당신들이사오고 전 불면증에 우울증까지와서 정신과 약먹고있어요 그책임 질겁니까
그게 우리 때문이라는 증거있나요
내가 돌아버리기전에 집에 불내면 니들은 어찌될까
당신 제 정신 아니군
제 정신 아니니 정신과 다니지 이사갈래 불 맛볼래",4,1,협박 대화,기타 괴롭힘 대화
"선생님 이미 각서에 쓰신 내용입니다
 아니 그래도 장기거래가 말이됩니까
 각서에 따른 처분 내용을 기재한거지 거래가 아녜요
 아니 그래도 몸을 건드는게 말이되냐고요
 그건 이미 상호간 합의된 것이라 법적문제거 없습니다
 됐고 난 변호인을 통해 처분할거요
 그걸로 감당되시겠습니까
 뭐요 협박이요 지금?
 당신의 가족이 대신해도 괜찮냔 것이죠
 아니 이 미친놈이!",4,0,협박 대화,갈취 대화
"나 임신했어.
뭐?????? 무슨 소리야. 갑자기.
이번에 생리가 너무 늦어서. 병원에 다녀오는 길이야.
너 제정신이야? 지금 이 상황에 임신이 말이 되냐??
.아니 이게 이렇게 화낼 일이야.? 그리고 나 혼자만 하는 것도 아니잖아.
야 그리고 솔직히 너랑 내가 결혼한 것도 아니고 하루종일 붙어있는 것도 아닌데 내가 널 어떻게 믿냐?
너 지금 말 다했어? 제 정신아닌건 너아니야? 그게 지금 니 얘 임신했다는 나한테 할소리야?
상식적으로 말야. 니가 안전하다고 했고 그 뒤에 니가 누구랑 붙어먹었는지 내가 알아? 참 내가 호구로 보이냐?
니가 당연히. 낳자고 안할 거라곤 생각했지만. 이렇게까지 개만도 못한 말 할거라곤 차마 예상도 못했다.
당연하지 내가 남의 새끼인줄도 모르는 애를 어떻게 키우냐? 당장 지워. 돈을 계좌로 보낼거니까 그렇게 알고 다신 보지말자.
너 진짜 그렇게 살지마. 진짜 나쁜새끼야.",1,4,기타 괴롭힘 대화,협박 대화
"경비실 아저씨. 아. 저. 씨!!
아 네 네 사모님 무슨 일이시죠?
저희 집 앞에 저거 좀 치워달라고 했잖아요. 내말 안들려요? 
아 저건 직접 하셔야해요. 
아니 경비원이 대체 하는일이 뭐예요? 주민들 도와주는일 아니예요? 
네 그렇긴 하지만.
월급을 따박따박 받아가놓고 이런일도 하기 싫으면 때려치든가요. 
말이 심하십니다.
내가 뭐 틀린말 했어요? 맨날 경비실이나 지키면서 졸줄만 알지 경비가 하는일이 뭐예요 도대체? 
저건 제가 이번만 치워드릴께요.
경비들 싹 짤라버리자고 해야지 안되겠네 정말",1,3,기타 괴롭힘 대화,직장 내 괴롭힘 대화
"어이 이대리. 치마가 너무 짧아?
그런가요? 무릎 길이 정도면 단정하다고 생각했는데요.
아니 그게 무슨소리야. 그러다가 남자 직원들한테 속옷보이겠다.
말을 너무 심하게 하시네요. 전혀 안 그래요.
저번에 피어싱 뚫을 때부터 알아봤어야 하는데. 여자가 점잖지를 못해.
그건 제 스타일이니까 참견하지 마세요.
직장 분위기를 흐리고 다니니까 그렇지. 선배가 하는 말은 좀 약이다 하고 받아들여.
아니 왜 제가 다 선배가 원하는 기준에 맞춰야 하는데요? 
계속 삐죽삐죽하게 받아들이는 것 좀 봐. 저러니까 남자친구랑 헤어지지.
그만 좀 하세요!",3,1,직장 내 괴롭힘 대화,기타 괴롭힘 대화
"봉투 필요하세요?
그럼?
네???
아니 그럼 봉투안주려고했어?
아니요.
내가 그럼 이걸 머리고 이고갈까?
.아닙니다.
아휴 답답해서리 얼른 봉투나 줘
죄송합니다.
일머리 없어서 쯧",1,3,기타 괴롭힘 대화,직장 내 괴롭힘 대화
"너 내가 좋은 말로 할 때 빌린 돈 내놔.
아니 나 아직 월급이 안 들어와서 여윳돈이 없다구.
너 내가 처음 이러는 거 아니잖아. 왜 사람 화나게 하냐고
너는 내 월급날 모르잖아. 알려줬는데도 매일 사람한테 이럴거야?
야 너 내가 지금 칼 들고 너네 원룸 앞으로 간다! 새끼야.
어이 친구 살살해. 지금 그게 사람이 할 소리야?
야. 전화 끊어봐. 나 지금 차 돌려서 가고 있어.
잠깐만. 진짜 오고 있냐고. 나 지금 못 나가. 여자친구랑 있어
그게 뭔 상관인데. 나는 내 돈 받으러 가겠다고. 지금 주머니칼 들고 갈테니까 알아서해.너 죽일거야 돈 안 주면
너 경찰 신고하기 전에 곱게 자. 밤이 깊었는데 뭐 하고 지랄이냐.",4,0,협박 대화,갈취 대화
"가위바위보해서 딱밤맞기하자
그래! 가위바위보!
내가 이겼다 퍽!
?내가 보자기고 넌 주먹인데?
그래 내가 이겼잖아
엥 내가 이겼어
그냥 잔말맞고 맞아 이새꺄
너무해
퍽퍽퍽 봐봐 내가 이겼지
아 때리지마",1,4,기타 괴롭힘 대화,협박 대화
"짜증나게 하네 진짜 생긴거부터 거슬리게
갑자기 왜그래
너 뭔데 내 눈앞에서 알짱거려 기분 나쁘게
. 미안해 다음부터 조심할게
아 생긴것부터 비호감 야 내눈에 띄지마 죽여버려진짜
야 그만해라 저새끼 쫄아서 오줌이라도 지리면 어떡하냐
야 우리가 몇인데 지려 설마 내눈앞에서 실수하면 존나 조져버려야지
나 얼른 지나갈게
아직도 안지나갔어? 쳐 맞을래? 어?
미.미안해
얼른 꺼져 새끼야
알겠어",4,1,협박 대화,기타 괴롭힘 대화
"아저씨 저 담배하나만 사다주세요
아니 학생 담배는 몸에 안좋아
아저씨가 무슨상관이에요? 부모라도 돼?
생각하고 하는 말이라 그래
아 됐고 안사줄거면 됐어요
학생
아진짜 짜증나게 어딜잡아요? 안사줄꺼면 꺼지라고
학생 그러면 안돼
안되긴 뭐가 안돼? 아저씨가 내 인생 살아줄거야? 염병 기분나쁘니까 꺼지라고 한대 맞아야 정신차릴거에요?
학생 나중에 후회해 그래서 하는 말이야
아주 그냥 성자 나셨네 성자 두번 말안해 안사줄꺼면 꺼져 쳐맞기 싫으면",4,0,협박 대화,갈취 대화
"나 너 살 안 빼면 헤어질거야
뭐? 진짜 내가 그 말 하지 말라고 했지
나 너 뱃살 있는 거 진짜 싫어
개새끼
살 얼른 빼 보기 싫으니까
작작 말해 미친 새끼
응응 이번에 살 안 빼면 진짜 나랑 그만 만나
알겠어 오빠
그래 뚱땡아아
응응 알겠어",4,1,협박 대화,기타 괴롭힘 대화
"껍데기 뿐인 정박아로 태어난 주제에 용케 아직까지 살아있구나.
 좋은 아침 좋아질 것 같지 않지만.
 모두 네 덕분이지. 너의 존재는 너와 함께하는 모두어게 민폐만 끼칠 뿐이야.
 그렇게 생각하든가. 네 생각과는 상관없이 난 잘 살아가고 있어.
 내가 말하는 건 사실 뿐이야. 시간이 흐르고 주위 사람들의 연민이 바닥을 보일 때 너는 그 무엇도 될 수 없어.
 확실히 내겐 문제가 많아. 하지만 그건 내 문제지 네 문제인가?
 내가 몇 번이나 말했었지.
 네가 나를 괴롭히는 이유 다시 한 번 말해주겠어? 멍청한 이 몸은 기억을 못하겠네.
 .너 같은 불량품 자식과 나의 혈관에 같은 피가 흐른다는 게 수치스러워서 견딜 수가 없어. 이쯤되면 목을 메달든 손목을 긋든 어서 자살하라고 내 손을 더럽히려 하지 말고.
 절대 그럴 일 없다네 형제여.
 네 삶의 모든 것을 불살라버릴 거야. 이 세상 모든 것이 너를 적대하게 되겠지. 그 때 가서 후회하지 마.",1,4,기타 괴롭힘 대화,협박 대화
"친구야 이따 시험때 답좀 슬쩍 보여주라.
 그건 어려울것 같은데.
 와.친구사이에 이러기냐?
 미안. 걸리면 0점이잖아.
 그러면 너 지난번에 과제 내꺼 베껴서 제출한거 내가 조교님께 말한다?
 아니 그건 지난일인데 왜 이제와서 말해.
 지금이라도 말하면 너 점수깍일걸? 생각 잘해라.
 하. 그래도 시험컨닝은 좀.
 그래 그럼 나는 지금 조교님한테 간다.
 알았어 보여주면 되잖아.",4,0,협박 대화,갈취 대화
"야 니네누나 이쁘더라?
어? 고마워
니네 누나 이뻐서 그러는데 나좀 소개시켜줘
우리누나 남자에 관심없어
웃기네 너 지금 나 소개 안시켜주려고 그러냐?
그런게 아니라 어제도 딱히 남자에 관심없다고그랬어
야 헛소리하지말고 누나 번호나 찍어
안되는데
머리가 아스팔트랑 뽀뽀하고 나면 정신이 번쩍 들어서 그때 알려줄라나?
아. 알겠어.",4,1,협박 대화,기타 괴롭힘 대화
"야 김폐급.
 일병 김사훈.
 나 근무 넣지 말라고했지? 죽고싶냐?
 중대장님께서. 박근우상병님 꼭 투입하라고 하셨습니다.
 중대장? 너 그 짬 쳐먹고 아직 그딴거 하나 커버 못쳐?
 그래서 니가 폐급인거야. 너무 안 쳐맞아서 그런가?
 죄송합니다. 앞으로 이런 일 없도록 하겠습니다.
 야 됐고 병인이불러와.
 이병인일병 말씀이십니까.? 병인이는 왜.
 맞선임이 개 폐급인거 알려줘야지. 너는 병인이한테부터 먹히는거야.
 박근우상병님 정말 죄송합니다. 한번만 기회를 더 주십시오.
 됐고 병인이 불러와. 올때 니새끼 하이바 챙겨오고.",3,4,직장 내 괴롭힘 대화,협박 대화
"너그 또 그랫다며 ?
무슨 소리시죠 ?
 다 소문났어
 제대로 얘기를 해주셔야 할죠
말귀 못알아 듣는건 여전하구나
 선배님
 너가 길동한테 꼬리쳤다며 카풀하자고
제가 먼저 제안한거 아닙니다 헛소문 내지 말아주세요
내가 위지 너가 위니 ? 어디서 하라 말아야
 부탁드려요",3,4,직장 내 괴롭힘 대화,협박 대화
"내가 말한 금액대로 가져왔냐?
미안해. 못가져왔어.
뭐라고? 그걸 지금 말이라고 해?
미안해. 그치만 너무 큰 돈이어서 용기가 안 났어. 
내가 그랬잖아 훔쳐서든 어떻게든 가져오라고. 안 가져오면 어떻게 한다 했지? 
진짜 미안해. 다음번엔. 한번 더 기회를 주면 꼭 구해올게.! 
그래. 근데 이대론 못 보내주지 내가 가져오라고 했던 금액을 못 가져왔으니 그 금액을 몸으로 갚아야지? 
진짜 오늘만큼은 봐줘. 내가 미안해 진심이야.!!
조용히 해. 퍽
어. 억!
다시 한번 말한다. 내일까지 그 금액대로 안 가져오면 내가 너희가족 찾아가서 가져올 줄 알아라.",0,4,갈취 대화,협박 대화
"야 야 내일까지 이거 부모님 동의해오라는 거 좀 도와줘라.
응? 내가 이걸 어떻게.
아 니네부모님 주민번호알아와서 하면 되잖아
우리 부모님 주민번호를 .?
어차피 선생님들이 그런 거 다 보는 거 아니고 그냥 성인 보호자 동의만 해오라는 거잖아.
그치만. 
너는 이딴 거 해오라고 안하잖아.아 짜증나네. 말귀 못알아듣냐?
그치만.우리부모님 주민번호를 내가 너한테.
내가 뭐? 나쁜데 쓴데? 아 진짜 우리엄마아빠는 이런 거 가지고 가면 뭐라한다고 
나도 우리 부모님이 싫어하실텐데.
학교생활 망치기 싫으면 니가 이거 알아서 처리해라. 내일까지 부모님 번호 알아와",0,1,갈취 대화,기타 괴롭힘 대화
"아저씨 담배 있어요?
없는데.
그럼 저기 편의점에서 하나만 사다 주세요.
지금 삥 뜯는 건가?
에이. 부탁하는 거죠.
누가 부탁을 이렇게 무서운 표정으로 해.
하. 이 아저씨 말귀를 못 알아듣네. 거지냐고 썅.
아니.
말보로 레드.
어어.",0,1,갈취 대화,기타 괴롭힘 대화
"아이고 최사장님 요즘 일좀 잘 되신다면서요?
아니요 그냥 뭐 이제 좀 직원들 월급좀 주고 합니다.
아니 내가 거기 회사 세울 때 뭐 쫌 도움좀 주고 그런거 같은데 감사 인사가 없는거 같아서.
아. 제가 조만간 자리좀 만들겠습니다.
뭐 조만간 할 꺼 있나 오늘 저녁 어떤가?
오늘 저녁은. 아예 그럼 제가 연락드리겠습니다.
그래 이따가 연락 달라고
여기로 모시겠습니다.
아이고 분위기 좋쿠만
한잔 받으십시요제가 사장님 차에 좀 넣어 놨습니다. 제작은 성의니까 받아 주십시요.",0,3,갈취 대화,직장 내 괴롭힘 대화
"죄송하지만 좀 조용히 해주시겠어요?
 왜요?
 제가 잠을 좀 자려는 데 시끄러워서요.
 하하하
 여보세요! 발로 그만 차세요.
 안했어요? 무슨소리에요? 
 발로 차놓고서 안했다고 하나요? 여기 있어요!
 그래? 있으면 어쩔건대?
 공공장소에서 통화 간단히 하셔야죠. 30분 이상 떠들면 어떻게 합니까?
 내가 내 입갖고 말하는 데 네가 보태준거 있어? 죽을래?",1,4,기타 괴롭힘 대화,협박 대화
"이번에 승마대회에 나가는데 말이 필요해요.
말이요? 어떤 말이면 될까요? 실장님?
우리 딸이 탈거니까 제주도에서 나고 자란 최고급 말로 부탁해요.
알겠습니다. 그런데 저희 회사에 돈이 좀 부족해서 그런데 언제까지 마련하면 될까요?
김 대표. 요즘 배가 많이 부른가봐?
네? 아닙니다. 제가 말 실수를 했습니다.
알면 됐어. 이달 말까지 부탁해.
네. 알겠습니다. 더 필요한 것은 없으세요?
다른 건 괜찮아.
네.",0,3,갈취 대화,직장 내 괴롭힘 대화
"우리 헤어져.
뭐? 왜 갑자기 그런 소리를 해?
너 너무 집착이 심해. 못 견디겠어.
내가 언제 그랬는데? 오히려 믿음 안 준건 너잖아.
그래. 다 내 잘못이니까 헤어지자.
야. 생각을 하고 얘기를 해. 너 나랑 쉽게 헤어질 수 있을 것 같아?
이젠 협박까지 하시겠다?
너 내 핸드폰에 너 관련된 거 엄청 많아. 안 무섭냐?
무슨 얘기 하는 거야.
넌 나랑 헤어지는 순간 인터넷에 다 공개해버릴거라고. 그러니까 나랑 계속 만나는 게 좋을거야?",0,4,갈취 대화,협박 대화
"신입 환영회 회식하니까 얼마나 좋아
감사합니다 환영회 해주셔서
아니야아니야 근데 남자친구는 있나 
아니요 없어요
아 구래 그럼 사귄 남자친구는 몇명정도야?
아한 3번
어머 생각보다 연애를 많이 안해봤네 그럼 최근에 언제 만난사람은 얼마나 만났어?
아1년정도
얼마 안사귀었네? 그 사람은 뭐하는 사람인데?
아 그냥 직장인이요
그럼 제일 오래만난건 언제 만났을때야?
이제 그만 물어보시면 안될까요?
어머 왜 그렇게 예민해 장난이잖아 장난
아",3,1,직장 내 괴롭힘 대화,기타 괴롭힘 대화
"거기 할머니 담배 좀 사다 줘.
어린 놈이 뭐라는 거야?
어린 놈한테 강냉이 다 털려서 얼마 안남은 이빨 다 뽑히고 싶어?
어.어린 녀석이!
어라? 할머니 한 대 쳐맞고 사다줄래?
어디 쳐봐라!
무식한 노인네야. 나 촉법소년이라 니 죽여도 감방 안 가. 적당히 나대. 진짜 아가리부터 찢어서 두동강 내기 전에.
.헉! 어린 녀석이.
할머니 한번만 더 시킬게. 이번에도 거절하면 뒤져.
.어떤 걸로 사다줘.
레종 3로 사와.",4,0,협박 대화,갈취 대화
"야 너 돈 좀 있냐
나? 나 없는데
뭐래 있잖아 좀 줘바
아니 진짜 없다니까
어? 진짜 없네 너 집 못사는구나 거지냐
후 아니야
너네 아버지는 뭐하시냐? 없냐?
아니야. 계셔. 그런말 하지마.
와 내 주변에 이런 그지 가 있었네
그러지마",0,1,갈취 대화,기타 괴롭힘 대화
"엇 기사양반 나 여기서 내려줘
여기는 정류장 아닙니다
아니 내가나이먹어서 걷기가 힘들어서 그래 여기서 내려줘
죄송합니다 조금 가서 내려드릴게요
그럼 내가 어떻게 여기까지 다시 걸어와!!
. 그래도 안돼요 사고나요 어르신
자네가 나 업고 걸어올거야? 얼른 내려주라고!
하.그렇게 막무가내로 나오셔도 안돼요
왜안돼! 잠깐 갓길에 세우면 되지!!! 어!
죄송합니다 가서 내려드릴게요
나 여기서 드러눕는다!!!!!!!!!!!!!!!!!",1,4,기타 괴롭힘 대화,협박 대화
"저기요. 잠깐만요
매일 왜이러세요. 전 할말 없어요
그 쪽이 좋아서요
전 관심 없어요. 오지 마세요
한 번만 만나주세요.
제발 이러지 마세요. 전 남자친구 있어요
결혼한 건 아니잖아요. 딱 한번만 데이트해요
내가 왜 그쪽이랑 만나요?
그 쪽이 내 스타일이에요
난 아니거든요.",1,0,기타 괴롭힘 대화,갈취 대화
"돼지야 너 돼지잖아. 돼지야 오늘 꿀꿀소리 내가 따줄게
갑자기? 왜. 우리 그동안 둘도 없는 친구였잖아.
친구? 이게 친구같은 소리하네 내가 언제 너랑 친구였냐 친한척 해주니까 이게 기어오르네?
머? 왜그래 갑자기. 우리 우선 나가서 이야기하자. 설마 내가 어제 너 부탁 거절해서그래?
내가 그걸로 찌질하게 그러겠냐? 너 내가 살빼게 해줄게 이 약 먹어봐봐.
무슨약인데? 이거 살빼는 약이야?
살빼는 약이야. 이거 먹으면 너의 피가 다 뿜어져 나올거야
뭐? 그거 독약아니야?
맞어 독약. 그거 먹어 빨리
갑자기 왜그래 앞으로 부탁 거절안할게 우리 사이좋게 지내자 어?
이미 늦었어 그러니까 기회줄떄 잘했어야지.",4,1,협박 대화,기타 괴롭힘 대화
"빌린 돈 당장 갚아
 지금 당장은 돈이 없습니다 
 내일까지 계좌로 오백 보내.
 당장 내일까지요? 그 돈을 어디서 구해요 
 안 보내면 .
 시간을 조금만 더 주세요 제가 다음 주까지는 꼭 꼭 구해올게요 .
 안 보내면 . 너 콩팥 한 쪽은 무사하지 못할 줄 알아
 제발 한 번만 봐주세요
 죽기 싫으면 내일 저기 앞 뒷골목에서 보자.
 흐읍흐읍 넵",4,0,협박 대화,갈취 대화
"이거 얼마예요?
 고객님 이거 못사실텐데
 네? 얼마예요? 입어볼께요
 안사실꺼면 입어보지 말고 그냥 가세요
 제가 살껀지 안살껀지 어떻게 아세요?
 이거 가격이 좀 나가요
 지금 돈없어 보인다고 비꼬시는거예요?
 아니요 ? 그렇게 느끼셨어요?
 됐고요 기분나빠서 정말 다신 올 일 없을것 같네요
 다음에 오시면 다른거 보여드릴께요",1,0,기타 괴롭힘 대화,갈취 대화
"이번 길동회사 신제품이 회사꺼랑 같던데요?
큰 회사들끼리 제품을 경쟁하다보면 충분히 그럴 수 있다고 생각합니다.
근데 이 서류들은 어떻게 해명하실건가요?? 길동 회사에 어째서 회사 원가와 판매가 연구일지들 복사본들이 있는거죠?
그건.
지금 회사는 이런 속내도 모르고 비상사태이니. 
원하는게 무엇이죠?
제가 지금 돈이 너무 궁하네요 통장에 딱 6천만 있으면 좋을 것 같은데
지금 당장 6천을 어디서 구하란 말입니까.
그건 제 알빠가 아니고요 오늘 3시까지 6천만원 입금이 안돼있으면 이 증거들 제 손을 떠날 겁니다.
알겠습니다.",0,3,갈취 대화,직장 내 괴롭힘 대화
